{"cameraMode":{"drawMode":0,"name":"Shaded","section":"Shading Mode"},"sceneLighting":true,"audioPlay":false,"sceneViewState":{"m_AlwaysRefresh":false,"showFog":true,"showSkybox":true,"showFlares":true,"showImageEffects":true,"showParticleSystems":true,"showVisualEffectGraphs":true,"m_FxEnabled":true},"in2DMode":false,"pivot":{"x":-13.767860412597657,"y":-23.530742645263673,"z":-41.45435333251953},"rotation":{"x":0.024765318259596826,"y":-0.9527251720428467,"z":0.29190605878829958,"w":0.08079779148101807},"size":29.918113708496095,"orthographic":false}