{"cameraMode":{"drawMode":0,"name":"Shaded","section":"Shading Mode"},"sceneLighting":true,"audioPlay":false,"sceneViewState":{"m_AlwaysRefresh":false,"showFog":true,"showSkybox":true,"showFlares":true,"showImageEffects":true,"showParticleSystems":true,"showVisualEffectGraphs":true,"m_FxEnabled":true},"in2DMode":false,"pivot":{"x":3.4399471282958986,"y":2.002748489379883,"z":-1.3589675426483155},"rotation":{"x":-0.17194880545139314,"y":-0.006799333728849888,"z":0.0011921876575797797,"w":-0.9850925207138062},"size":0.6947544813156128,"orthographic":false}