{"cameraMode":{"drawMode":0,"name":"Shaded","section":"Shading Mode"},"sceneLighting":false,"audioPlay":false,"sceneViewState":{"m_AlwaysRefresh":false,"showFog":true,"showSkybox":false,"showFlares":true,"showImageEffects":true,"showParticleSystems":true,"showVisualEffectGraphs":true,"m_FxEnabled":true},"in2DMode":false,"pivot":{"x":-0.21834470331668855,"y":2.994271755218506,"z":-3.906726837158203},"rotation":{"x":0.1259579360485077,"y":0.016362911090254785,"z":-0.0020798605401068928,"w":0.9919058680534363},"size":0.5863019824028015,"orthographic":false}