{"cameraMode":{"drawMode":0,"name":"Shaded","section":"Shading Mode"},"sceneLighting":false,"audioPlay":false,"sceneViewState":{"m_AlwaysRefresh":false,"showFog":true,"showSkybox":false,"showFlares":true,"showImageEffects":true,"showParticleSystems":true,"showVisualEffectGraphs":true,"m_FxEnabled":true},"in2DMode":false,"pivot":{"x":1279.4500732421875,"y":719.8529663085938,"z":-0.18353533744812013},"rotation":{"x":-0.026981452479958535,"y":0.9187734723091126,"z":-0.06378214806318283,"w":-0.38866686820983889},"size":1.9192582368850709,"orthographic":false}